"Chromosome","ChrStart","ChrEnd","Signal2Noise","EventCounts","HotspotBelonging","hotspotID","annotation"
"chr1",162966198,162983778,267.435863149248,14,"AID_WT_DMSO",158,"GAS5_SNORD47_DARS2"
"chr2",127149879,127168000,229.230739842213,12,"AID_WT_DMSO",719,"DUSP2_ASTL"
"chr2",166889232,166892345,229.230739842213,12,"AID_WT_DMSO",490,"ZFAS1_SNORD12"
"chr5",143661491,143670760,171.92305488166,9,"AID_WT_DMSO",748,"ACTB"
"chr6",70668264,70678729,210.128178188695,11,"AID_WT_DMSO",752,"NULL"
"chr7",52089631,52095742,305.640986456284,16,"AID_WT_DMSO",761,"IL4I1B_IL4I1"
"chr8",97263454,97278187,725.897342833674,38,"AID_WT_DMSO",776,"CCL22"
"chr8",129106662,129123542,248.333301495731,13,"AID_WT_DMSO",779,"IRF2BP2"
"chr9",44331628,44337368,133.717931574624,7,"AID_WT_DMSO",783,"CXCR5"
"chr10",53788735,53797361,152.820493228142,8,"AID_WT_DMSO",795,"MAN1A_GM16998"
"chr11",61460716,61475454,248.333301495731,13,"AID_WT_DMSO",806,"GRAP"
"chr11",87555822,87577776,229.230739842213,12,"AID_WT_DMSO",809,"SUPT4A_MIR142B_MIR142_TSPOAP1"
"chr11",117671928,117693875,401.153794723873,21,"AID_WT_DMSO",816,"SYNGR2_TK1_AFMID"
"chr12",56583238,56596072,401.153794723873,21,"AID_WT_DMSO",819,"NFKBIA"
"chr12",81205088,81218173,668.589657873121,35,"AID_WT_DMSO",821,"ZFP36L1"
"chr13",43879516,43900637,324.743548109802,17,"AID_WT_DMSO",841,"CD83"
"chr14",32427222,32427536,802.307589447745,42,"AID_WT_DMSO",263,"HACL1"
"chr14",115422385,115452187,496.666602991461,26,"AID_WT_DMSO",848,"MIR17_MIR18_MIR19A_MIR20A_MIR19B-1_MIR17HG_MIR92-1"
"chr15",74744641,74769747,649.487096219603,34,"AID_WT_DMSO",861,"NULL"
"chr15",74778727,74791694,420.25635637739,22,"AID_WT_DMSO",862,"LY6E"
"chr15",79903608,79914301,553.974287952014,29,"AID_WT_DMSO",867,"RPL3_SNORD83B_SNORD43"
"chr15",103069496,103079749,248.333301495731,13,"AID_WT_DMSO",881,"CBX5_HNRNPA1_GM10052_GM5643_NFE2"
"chr16",10481174,10500338,286.538424802766,15,"AID_WT_DMSO",882,"CIITA"
"chr16",23107843,23119194,420.25635637739,22,"AID_WT_DMSO",884,"EIF4A2_SNORD2_SNORA81_RFC4"
"chr17",34243195,34259495,229.230739842213,12,"AID_WT_DMSO",895,"BRD2"
"chr17",45691883,45709346,267.435863149248,14,"AID_WT_DMSO",901,"NFKBIE_SLC35B2_HSP90AB1"
"chr18",60963030,60978152,401.153794723873,21,"AID_WT_DMSO",904,"CD74_MIR5107_TCOF1"
"chr19",8792912,8803137,248.333301495731,13,"AID_WT_DMSO",462,"SLC3A2_SNHG1_SNORD22"
"chr1",162966198,162983778,207.210940737671,12,"AID_WT_Taze",158,"GAS5_SNORD47_DARS2"
"chr2",102737998,102742036,138.140627158447,8,"AID_WT_Taze",717,"CD44"
"chr2",127149879,127168000,155.408205553253,9,"AID_WT_Taze",719,"DUSP2_ASTL"
"chr2",144074569,144093547,224.478519132477,13,"AID_WT_Taze",46,"SNX5_SNORD17"
"chr4",128734481,128737748,120.873048763641,7,"AID_WT_Taze",737,"RNF19B"
"chr4",131865021,131868099,120.873048763641,7,"AID_WT_Taze",48,"SNHG12_SNORA16A_SNORA44_SNORA61_SNORD99_TRNAU1AP"
"chr5",53976909,53990620,189.943362342865,11,"AID_WT_Taze",745,"RBPJ"
"chr6",108609655,108616659,224.478519132477,13,"AID_WT_Taze",753,"0610040F04RIK_BHLHE40"
"chr6",122503219,122517672,259.013675922089,15,"AID_WT_Taze",755,"AICDA"
"chr7",52089631,52095742,500.759773449371,29,"AID_WT_Taze",761,"IL4I1B_IL4I1"
"chr8",97263454,97278187,984.251968503937,57,"AID_WT_Taze",776,"CCL22"
"chr8",129106662,129123542,138.140627158447,8,"AID_WT_Taze",779,"IRF2BP2"
"chr10",18726925,18737222,138.140627158447,8,"AID_WT_Taze",792,"TNFAIP3"
"chr11",61460716,61475454,207.210940737671,12,"AID_WT_Taze",806,"GRAP"
"chr11",87555822,87577776,259.013675922089,15,"AID_WT_Taze",809,"SUPT4A_MIR142B_MIR142_TSPOAP1"
"chr11",104987897,104992989,224.478519132477,13,"AID_WT_Taze",814,"METTL2"
"chr11",117671928,117693875,362.619146290924,21,"AID_WT_Taze",816,"SYNGR2_TK1_AFMID"
"chr12",56583238,56596072,811.576184555878,47,"AID_WT_Taze",819,"NFKBIA"
"chr12",81205088,81218173,621.632822213013,36,"AID_WT_Taze",821,"ZFP36L1"
"chr13",43879516,43900637,414.421881475342,24,"AID_WT_Taze",841,"CD83"
"chr14",32427222,32427536,345.351567896118,20,"AID_WT_Taze",263,"HACL1"
"chr15",74744641,74769747,863.378919740296,50,"AID_WT_Taze",861,"NULL"
"chr15",74778727,74791694,293.548832711701,17,"AID_WT_Taze",862,"LY6E"
"chr15",79903608,79914301,466.22461665976,27,"AID_WT_Taze",867,"RPL3_SNORD83B_SNORD43"
"chr15",82036873,82057957,345.351567896118,20,"AID_WT_Taze",871,"SHISA8_TNFRSF13C"
"chr15",96510730,96529934,241.746097527283,14,"AID_WT_Taze",874,"SLC38A2"
"chr16",23107843,23119194,224.478519132477,13,"AID_WT_Taze",884,"EIF4A2_SNORD2_SNORA81_RFC4"
"chr17",24664597,24668727,155.408205553253,9,"AID_WT_Taze",891,"TRAF7_RAB26OS_RAB26"
"chr17",29612501,29635002,224.478519132477,13,"AID_WT_Taze",892,"PIM1"
"chr17",45691883,45709346,310.816411106506,18,"AID_WT_Taze",901,"NFKBIE_SLC35B2_HSP90AB1"
"chr19",8792912,8803137,138.140627158447,8,"AID_WT_Taze",462,"SLC3A2_SNHG1_SNORD22"
"chr2",127149879,127168000,126.38070924854,10,"AID_WT_Vale",719,"DUSP2_ASTL"
"chr3",136679139,136682287,88.4664964739782,7,"AID_WT_Vale",77,"NULL"
"chr7",52089631,52095742,290.675631271643,23,"AID_WT_Vale",761,"IL4I1B_IL4I1"
"chr8",87498227,87504000,101.104567398832,8,"AID_WT_Vale",774,"PRDX2_JUNB"
"chr8",97263454,97278187,695.093900866972,55,"AID_WT_Vale",776,"CCL22"
"chr8",129106662,129123542,126.38070924854,10,"AID_WT_Vale",779,"IRF2BP2"
"chr10",18726925,18737222,139.018780173394,11,"AID_WT_Vale",792,"TNFAIP3"
"chr10",53788735,53797361,151.656851098248,12,"AID_WT_Vale",795,"MAN1A_GM16998"
"chr11",61460716,61475454,101.104567398832,8,"AID_WT_Vale",806,"GRAP"
"chr11",87555822,87577776,214.847205722519,17,"AID_WT_Vale",809,"SUPT4A_MIR142B_MIR142_TSPOAP1"
"chr11",117671928,117693875,101.104567398832,8,"AID_WT_Vale",816,"SYNGR2_TK1_AFMID"
"chr12",56583238,56596072,290.675631271643,23,"AID_WT_Vale",819,"NFKBIA"
"chr12",81121959,81135593,101.104567398832,8,"AID_WT_Vale",820,"NULL"
"chr12",81205088,81218173,341.227914971059,27,"AID_WT_Vale",821,"ZFP36L1"
"chr12",86937853,86943983,88.4664964739782,7,"AID_WT_Vale",823,"JDP2"
"chr13",43879516,43900637,214.847205722519,17,"AID_WT_Vale",841,"CD83"
"chr14",32427222,32427536,176.932992947956,14,"AID_WT_Vale",263,"HACL1"
"chr14",115422385,115452187,290.675631271643,23,"AID_WT_Vale",848,"MIR17_MIR18_MIR19A_MIR20A_MIR19B-1_MIR17HG_MIR92-1"
"chr15",69402027,69402085,189.57106387281,15,"AID_WT_Vale",197,"NULL"
"chr15",74744641,74769747,417.056340520183,33,"AID_WT_Vale",861,"NULL"
"chr15",74778727,74791694,151.656851098248,12,"AID_WT_Vale",862,"LY6E"
"chr15",79903608,79914301,189.57106387281,15,"AID_WT_Vale",867,"RPL3_SNORD83B_SNORD43"
"chr15",82036873,82057957,454.970553294745,36,"AID_WT_Vale",871,"SHISA8_TNFRSF13C"
"chr15",96510730,96529934,176.932992947956,14,"AID_WT_Vale",874,"SLC38A2"
"chr16",84701459,84708654,88.4664964739782,7,"AID_WT_Vale",888,"NULL"
"chr17",29612501,29635002,164.294922023102,13,"AID_WT_Vale",892,"PIM1"
"chr19",8792912,8803137,151.656851098248,12,"AID_WT_Vale",462,"SLC3A2_SNHG1_SNORD22"
"chr1",36351156,36383582,623.441396508728,36,"Idelalisib_DMSO",702,"ARID5A"
"chr1",162966198,162983778,155.860349127182,9,"Idelalisib_DMSO",158,"GAS5_SNORD47_DARS2"
"chr2",102737998,102742036,225.13161540593,13,"Idelalisib_DMSO",717,"CD44"
"chr2",152650437,152657444,121.224715987808,7,"Idelalisib_DMSO",722,"BCL2L1"
"chr6",70668264,70678729,346.356331393738,20,"Idelalisib_DMSO",752,"NULL"
"chr6",122503219,122517672,761.983929066223,44,"Idelalisib_DMSO",755,"AICDA"
"chr7",52089631,52095742,432.945414242172,25,"Idelalisib_DMSO",761,"IL4I1B_IL4I1"
"chr7",133554067,133558692,138.542532557495,8,"Idelalisib_DMSO",767,"CD19"
"chr8",87498227,87504000,242.449431975617,14,"Idelalisib_DMSO",774,"PRDX2_JUNB"
"chr8",97263454,97278187,1801.05292324744,104,"Idelalisib_DMSO",776,"CCL22"
"chr8",129106662,129123542,380.991964533112,22,"Idelalisib_DMSO",779,"IRF2BP2"
"chr10",18726925,18737222,380.991964533112,22,"Idelalisib_DMSO",792,"TNFAIP3"
"chr10",53788735,53797361,225.13161540593,13,"Idelalisib_DMSO",795,"MAN1A_GM16998"
"chr11",33042270,33060726,155.860349127182,9,"Idelalisib_DMSO",120,"FGF18_NPM1"
"chr11",61460716,61475454,484.898863951233,28,"Idelalisib_DMSO",806,"GRAP"
"chr11",66954722,66960639,242.449431975617,14,"Idelalisib_DMSO",807,"NULL"
"chr11",86394445,86400399,207.813798836243,12,"Idelalisib_DMSO",808,"MIR21A_VMP1"
"chr11",87555822,87577776,294.402881684677,17,"Idelalisib_DMSO",809,"SUPT4A_MIR142B_MIR142_TSPOAP1"
"chr11",104987897,104992989,380.991964533112,22,"Idelalisib_DMSO",814,"METTL2"
"chr11",117671928,117693875,207.813798836243,12,"Idelalisib_DMSO",816,"SYNGR2_TK1_AFMID"
"chr12",56583238,56596072,623.441396508728,36,"Idelalisib_DMSO",819,"NFKBIA"
"chr12",81121959,81135593,207.813798836243,12,"Idelalisib_DMSO",820,"NULL"
"chr12",81205088,81218173,1541.28567470213,89,"Idelalisib_DMSO",821,"ZFP36L1"
"chr12",86937853,86943983,225.13161540593,13,"Idelalisib_DMSO",823,"JDP2"
"chr12",87026855,87031178,138.542532557495,8,"Idelalisib_DMSO",824,"BATF"
"chr13",30839884,30847056,173.178165696869,10,"Idelalisib_DMSO",838,"IRF4"
"chr13",43879516,43900637,484.898863951233,28,"Idelalisib_DMSO",841,"CD83"
"chr14",32246075,32248978,173.178165696869,10,"Idelalisib_DMSO",845,"SH3BP5"
"chr14",32427222,32427536,727.34829592685,42,"Idelalisib_DMSO",263,"HACL1"
"chr14",115422385,115452187,658.077029648102,38,"Idelalisib_DMSO",848,"MIR17_MIR18_MIR19A_MIR20A_MIR19B-1_MIR17HG_MIR92-1"
"chr15",74744641,74769747,554.170130229981,32,"Idelalisib_DMSO",861,"NULL"
"chr15",74778727,74791694,519.534497090607,30,"Idelalisib_DMSO",862,"LY6E"
"chr15",79903608,79914301,294.402881684677,17,"Idelalisib_DMSO",867,"RPL3_SNORD83B_SNORD43"
"chr15",82036873,82057957,450.263230811859,26,"Idelalisib_DMSO",871,"SHISA8_TNFRSF13C"
"chr15",96510730,96529934,398.309781102799,23,"Idelalisib_DMSO",874,"SLC38A2"
"chr15",103069496,103079749,138.542532557495,8,"Idelalisib_DMSO",881,"CBX5_HNRNPA1_GM10052_GM5643_NFE2"
"chr16",10481174,10500338,207.813798836243,12,"Idelalisib_DMSO",882,"CIITA"
"chr16",23107843,23119194,259.767248545303,15,"Idelalisib_DMSO",884,"EIF4A2_SNORD2_SNORA81_RFC4"
"chr16",84701459,84708654,138.542532557495,8,"Idelalisib_DMSO",888,"NULL"
"chr17",8117726,8122852,138.542532557495,8,"Idelalisib_DMSO",890,"TAGAP"
"chr17",29612501,29635002,658.077029648102,38,"Idelalisib_DMSO",892,"PIM1"
"chr17",31990030,31993437,173.178165696869,10,"Idelalisib_DMSO",893,"SIK1"
"chr17",45691883,45709346,225.13161540593,13,"Idelalisib_DMSO",901,"NFKBIE_SLC35B2_HSP90AB1"
"chr18",60963030,60978152,259.767248545303,15,"Idelalisib_DMSO",904,"CD74_MIR5107_TCOF1"
"chr18",65589947,65597348,190.495982266556,11,"Idelalisib_DMSO",905,"MALT1"
"chr18",75527119,75533860,138.542532557495,8,"Idelalisib_DMSO",906,"SMAD7"
"chr19",8792912,8803137,190.495982266556,11,"Idelalisib_DMSO",462,"SLC3A2_SNHG1_SNORD22"
"chr19",41056026,41069980,138.542532557495,8,"Idelalisib_DMSO",916,"BLNK"
"chr1",36351156,36383582,976.411943059767,57,"Idelalisib_Taze",702,"ARID5A"
"chr1",130484027,130491119,119.910238621375,7,"Idelalisib_Taze",478,"CXCR4"
"chr1",162966198,162983778,137.040272710143,8,"Idelalisib_Taze",158,"GAS5_SNORD47_DARS2"
"chr2",34808633,34820686,171.300340887678,10,"Idelalisib_Taze",714,"TRAF1"
"chr2",102737998,102742036,308.340613597821,18,"Idelalisib_Taze",717,"CD44"
"chr2",127149879,127168000,274.080545420285,16,"Idelalisib_Taze",719,"DUSP2_ASTL"
"chr2",127950604,127956079,171.300340887678,10,"Idelalisib_Taze",720,"BCL2L11"
"chr2",152650437,152657444,188.430374976446,11,"Idelalisib_Taze",722,"BCL2L1"
"chr5",53976909,53990620,188.430374976446,11,"Idelalisib_Taze",745,"RBPJ"
"chr5",143661491,143670760,205.560409065214,12,"Idelalisib_Taze",748,"ACTB"
"chr6",70668264,70678729,137.040272710143,8,"Idelalisib_Taze",752,"NULL"
"chr6",122503219,122517672,1164.84231803621,68,"Idelalisib_Taze",755,"AICDA"
"chr6",129224478,129225021,119.910238621375,7,"Idelalisib_Taze",170,"CD69"
"chr7",52089631,52095742,496.770988574267,29,"Idelalisib_Taze",761,"IL4I1B_IL4I1"
"chr7",133554067,133558692,188.430374976446,11,"Idelalisib_Taze",767,"CD19"
"chr8",73222563,73225052,171.300340887678,10,"Idelalisib_Taze",772,"JUND"
"chr8",87498227,87504000,171.300340887678,10,"Idelalisib_Taze",774,"PRDX2_JUNB"
"chr8",97263454,97278187,2226.90443153982,130,"Idelalisib_Taze",776,"CCL22"
"chr8",129106662,129123542,291.210579509053,17,"Idelalisib_Taze",779,"IRF2BP2"
"chr10",18726925,18737222,308.340613597821,18,"Idelalisib_Taze",792,"TNFAIP3"
"chr10",53788735,53797361,462.510920396732,27,"Idelalisib_Taze",795,"MAN1A_GM16998"
"chr10",59678873,59684876,205.560409065214,12,"Idelalisib_Taze",796,"CHST3"
"chr11",61460716,61475454,445.380886307964,26,"Idelalisib_Taze",806,"GRAP"
"chr11",66954722,66960639,137.040272710143,8,"Idelalisib_Taze",807,"NULL"
"chr11",86394445,86400399,205.560409065214,12,"Idelalisib_Taze",808,"MIR21A_VMP1"
"chr11",87555822,87577776,291.210579509053,17,"Idelalisib_Taze",809,"SUPT4A_MIR142B_MIR142_TSPOAP1"
"chr11",99008785,99017510,325.470647686589,19,"Idelalisib_Taze",813,"CCR7"
"chr11",104987897,104992989,753.721499905785,44,"Idelalisib_Taze",814,"METTL2"
"chr11",117671928,117693875,256.950511331518,15,"Idelalisib_Taze",816,"SYNGR2_TK1_AFMID"
"chr12",56583238,56596072,702.331397639481,41,"Idelalisib_Taze",819,"NFKBIA"
"chr12",81205088,81218173,1250.49248848005,73,"Idelalisib_Taze",821,"ZFP36L1"
"chr12",86937853,86943983,291.210579509053,17,"Idelalisib_Taze",823,"JDP2"
"chr12",87026855,87031178,342.600681775357,20,"Idelalisib_Taze",824,"BATF"
"chr13",43879516,43900637,479.640954485499,28,"Idelalisib_Taze",841,"CD83"
"chr14",32246075,32248978,154.170306798911,9,"Idelalisib_Taze",845,"SH3BP5"
"chr14",32427222,32427536,856.501704438392,50,"Idelalisib_Taze",263,"HACL1"
"chr14",115422385,115452187,531.031056751803,31,"Idelalisib_Taze",848,"MIR17_MIR18_MIR19A_MIR20A_MIR19B-1_MIR17HG_MIR92-1"
"chr15",31295180,31297270,188.430374976446,11,"Idelalisib_Taze",852,"ANKRD33B"
"chr15",69402027,69402085,239.82047724275,14,"Idelalisib_Taze",197,"NULL"
"chr15",74744641,74769747,479.640954485499,28,"Idelalisib_Taze",861,"NULL"
"chr15",74778727,74791694,513.901022663035,30,"Idelalisib_Taze",862,"LY6E"
"chr15",79903608,79914301,222.690443153982,13,"Idelalisib_Taze",867,"RPL3_SNORD83B_SNORD43"
"chr15",82036873,82057957,907.891806704695,53,"Idelalisib_Taze",871,"SHISA8_TNFRSF13C"
"chr15",96510730,96529934,205.560409065214,12,"Idelalisib_Taze",874,"SLC38A2"
"chr15",97071476,97083570,119.910238621375,7,"Idelalisib_Taze",876,"AMIGO2_PCED1B"
"chr15",103069496,103079749,171.300340887678,10,"Idelalisib_Taze",881,"CBX5_HNRNPA1_GM10052_GM5643_NFE2"
"chr16",10481174,10500338,291.210579509053,17,"Idelalisib_Taze",882,"CIITA"
"chr16",23107843,23119194,359.730715864125,21,"Idelalisib_Taze",884,"EIF4A2_SNORD2_SNORA81_RFC4"
"chr16",58715750,58720548,119.910238621375,7,"Idelalisib_Taze",276,"GPR15"
"chr16",84701459,84708654,308.340613597821,18,"Idelalisib_Taze",888,"NULL"
"chr17",8117726,8122852,256.950511331518,15,"Idelalisib_Taze",890,"TAGAP"
"chr17",29612501,29635002,616.681227195642,36,"Idelalisib_Taze",892,"PIM1"
"chr17",31990030,31993437,171.300340887678,10,"Idelalisib_Taze",893,"SIK1"
"chr17",50206847,50213174,137.040272710143,8,"Idelalisib_Taze",214,"RFTN1"
"chr17",57244440,57247807,154.170306798911,9,"Idelalisib_Taze",902,"GM11110_TNFSF9"
"chr18",60963030,60978152,154.170306798911,9,"Idelalisib_Taze",904,"CD74_MIR5107_TCOF1"
"chr18",65589947,65597348,188.430374976446,11,"Idelalisib_Taze",905,"MALT1"
"chr18",75527119,75533860,188.430374976446,11,"Idelalisib_Taze",906,"SMAD7"
"chr19",8792912,8803137,205.560409065214,12,"Idelalisib_Taze",462,"SLC3A2_SNHG1_SNORD22"
"chr1",36351156,36383582,1445.57823129252,85,"Idelalisib_Vale",702,"ARID5A"
"chr1",130484027,130491119,170.068027210884,10,"Idelalisib_Vale",478,"CXCR4"
"chr2",102737998,102742036,442.176870748299,26,"Idelalisib_Vale",717,"CD44"
"chr2",127149879,127168000,153.061224489796,9,"Idelalisib_Vale",719,"DUSP2_ASTL"
"chr2",152650437,152657444,238.095238095238,14,"Idelalisib_Vale",722,"BCL2L1"
"chr3",54609220,54614445,187.074829931973,11,"Idelalisib_Vale",225,"RFXAP"
"chr4",44979272,44983337,119.047619047619,7,"Idelalisib_Vale",732,"NULL"
"chr4",119703490,119708186,136.054421768707,8,"Idelalisib_Vale",733,"HIVEP3"
"chr5",53976909,53990620,204.081632653061,12,"Idelalisib_Vale",745,"RBPJ"
"chr6",70668264,70678729,289.115646258503,17,"Idelalisib_Vale",752,"NULL"
"chr6",108609655,108616659,255.102040816327,15,"Idelalisib_Vale",753,"0610040F04RIK_BHLHE40"
"chr6",122503219,122517672,1241.49659863946,73,"Idelalisib_Vale",755,"AICDA"
"chr7",52089631,52095742,306.122448979592,18,"Idelalisib_Vale",761,"IL4I1B_IL4I1"
"chr7",108256877,108259812,119.047619047619,7,"Idelalisib_Vale",534,"FCHSD2"
"chr7",132745305,132751596,119.047619047619,7,"Idelalisib_Vale",766,"IL21R"
"chr7",133554067,133558692,323.12925170068,19,"Idelalisib_Vale",767,"CD19"
"chr8",73222563,73225052,187.074829931973,11,"Idelalisib_Vale",772,"JUND"
"chr8",87498227,87504000,153.061224489796,9,"Idelalisib_Vale",774,"PRDX2_JUNB"
"chr8",97263454,97278187,2159.86394557823,127,"Idelalisib_Vale",776,"CCL22"
"chr8",129106662,129123542,323.12925170068,19,"Idelalisib_Vale",779,"IRF2BP2"
"chr10",18726925,18737222,306.122448979592,18,"Idelalisib_Vale",792,"TNFAIP3"
"chr10",53788735,53797361,374.149659863946,22,"Idelalisib_Vale",795,"MAN1A_GM16998"
"chr10",59678873,59684876,187.074829931973,11,"Idelalisib_Vale",796,"CHST3"
"chr10",96077389,96086044,136.054421768707,8,"Idelalisib_Vale",799,"BTG1"
"chr11",22754969,22763095,119.047619047619,7,"Idelalisib_Vale",802,"B3GNT2"
"chr11",61460716,61475454,459.183673469388,27,"Idelalisib_Vale",806,"GRAP"
"chr11",66954722,66960639,289.115646258503,17,"Idelalisib_Vale",807,"NULL"
"chr11",86394445,86400399,238.095238095238,14,"Idelalisib_Vale",808,"MIR21A_VMP1"
"chr11",87555822,87577776,204.081632653061,12,"Idelalisib_Vale",809,"SUPT4A_MIR142B_MIR142_TSPOAP1"
"chr11",99008785,99017510,272.108843537415,16,"Idelalisib_Vale",813,"CCR7"
"chr11",104987897,104992989,544.21768707483,32,"Idelalisib_Vale",814,"METTL2"
"chr12",56583238,56596072,680.272108843537,40,"Idelalisib_Vale",819,"NFKBIA"
"chr12",81121959,81135593,170.068027210884,10,"Idelalisib_Vale",820,"NULL"
"chr12",81205088,81218173,1343.53741496599,79,"Idelalisib_Vale",821,"ZFP36L1"
"chr12",86937853,86943983,255.102040816327,15,"Idelalisib_Vale",823,"JDP2"
"chr12",87026855,87031178,238.095238095238,14,"Idelalisib_Vale",824,"BATF"
"chr13",23710322,23717271,136.054421768707,8,"Idelalisib_Vale",836,"H2BC6_H1F4"
"chr13",23820396,23856953,340.136054421769,20,"Idelalisib_Vale",837,"H1F2_H3C3_H2BC3_H2AC4_H3C2_H4C2_H4C1_H3C1_H1F1"
"chr13",30839884,30847056,153.061224489796,9,"Idelalisib_Vale",838,"IRF4"
"chr13",42143054,42150441,153.061224489796,9,"Idelalisib_Vale",840,"HIVEP1"
"chr13",43879516,43900637,612.244897959184,36,"Idelalisib_Vale",841,"CD83"
"chr14",32246075,32248978,340.136054421769,20,"Idelalisib_Vale",845,"SH3BP5"
"chr14",32427222,32427536,697.278911564626,41,"Idelalisib_Vale",263,"HACL1"
"chr14",115422385,115452187,731.292517006803,43,"Idelalisib_Vale",848,"MIR17_MIR18_MIR19A_MIR20A_MIR19B-1_MIR17HG_MIR92-1"
"chr15",27554192,27563004,272.108843537415,16,"Idelalisib_Vale",851,"OTULIN"
"chr15",31295180,31297270,255.102040816327,15,"Idelalisib_Vale",852,"ANKRD33B"
"chr15",74744641,74769747,646.258503401361,38,"Idelalisib_Vale",861,"NULL"
"chr15",74778727,74791694,561.224489795918,33,"Idelalisib_Vale",862,"LY6E"
"chr15",79903608,79914301,323.12925170068,19,"Idelalisib_Vale",867,"RPL3_SNORD83B_SNORD43"
"chr15",82036873,82057957,969.387755102041,57,"Idelalisib_Vale",871,"SHISA8_TNFRSF13C"
"chr15",96510730,96529934,255.102040816327,15,"Idelalisib_Vale",874,"SLC38A2"
"chr15",97071476,97083570,119.047619047619,7,"Idelalisib_Vale",876,"AMIGO2_PCED1B"
"chr16",10481174,10500338,255.102040816327,15,"Idelalisib_Vale",882,"CIITA"
"chr16",23107843,23119194,170.068027210884,10,"Idelalisib_Vale",884,"EIF4A2_SNORD2_SNORA81_RFC4"
"chr16",58715750,58720548,136.054421768707,8,"Idelalisib_Vale",276,"GPR15"
"chr16",84701459,84708654,136.054421768707,8,"Idelalisib_Vale",888,"NULL"
"chr17",8117726,8122852,323.12925170068,19,"Idelalisib_Vale",890,"TAGAP"
"chr17",29612501,29635002,612.244897959184,36,"Idelalisib_Vale",892,"PIM1"
"chr17",31990030,31993437,187.074829931973,11,"Idelalisib_Vale",893,"SIK1"
"chr18",60963030,60978152,153.061224489796,9,"Idelalisib_Vale",904,"CD74_MIR5107_TCOF1"
"chr18",65589947,65597348,289.115646258503,17,"Idelalisib_Vale",905,"MALT1"
"chr18",75527119,75533860,187.074829931973,11,"Idelalisib_Vale",906,"SMAD7"
"chr19",8792912,8803137,221.08843537415,13,"Idelalisib_Vale",462,"SLC3A2_SNHG1_SNORD22"
"chr1",36351156,36383582,387.86902792166,79,"Ligase4_KO_DMSO",702,"ARID5A"
"chr1",50831385,50832940,34.3681417145775,7,"Ligase4_KO_DMSO",703,"NULL"
"chr1",88422193,88425932,83.4654870211168,17,"Ligase4_KO_DMSO",706,"PTMA"
"chr1",90546346,90555975,235.667257471389,48,"Ligase4_KO_DMSO",707,"NULL"
"chr1",90592870,90600910,58.9168143678471,12,"Ligase4_KO_DMSO",708,"ARL4C"
"chr1",108067331,108072303,34.3681417145775,7,"Ligase4_KO_DMSO",709,"GM20753_PHLPP1"
"chr1",179371118,179388375,83.4654870211168,17,"Ligase4_KO_DMSO",712,"ZBTB18"
"chr2",34808633,34820686,132.562832327656,27,"Ligase4_KO_DMSO",714,"TRAF1"
"chr2",93296724,93302945,39.2778762452314,8,"Ligase4_KO_DMSO",716,"CD82_GM10804"
"chr2",102737998,102742036,117.833628735694,24,"Ligase4_KO_DMSO",717,"CD44"
"chr2",127149879,127168000,363.320355268391,74,"Ligase4_KO_DMSO",719,"DUSP2_ASTL"
"chr2",127950604,127956079,39.2778762452314,8,"Ligase4_KO_DMSO",720,"BCL2L11"
"chr2",152650437,152657444,157.111504980926,32,"Ligase4_KO_DMSO",722,"BCL2L1"
"chr2",167362305,167368674,54.0070798371932,11,"Ligase4_KO_DMSO",723,"SNAI1"
"chr3",95463219,95466656,34.3681417145775,7,"Ligase4_KO_DMSO",726,"MCL1"
"chr3",96020819,96026160,39.2778762452314,8,"Ligase4_KO_DMSO",727,"H2AC21_H2AC20_H2BC21"
"chr3",96039263,96053680,88.3752215517707,18,"Ligase4_KO_DMSO",728,"H3C15_H3C14_H2AC18_H2AC19"
"chr3",96066639,96074279,63.8265488985011,13,"Ligase4_KO_DMSO",729,"H4C14_H3C13_H2BC18"
"chr4",44979272,44983337,78.5557524904628,16,"Ligase4_KO_DMSO",732,"NULL"
"chr4",119703490,119708186,166.930974042234,34,"Ligase4_KO_DMSO",733,"HIVEP3"
"chr4",119724969,119735370,73.6460179598089,15,"Ligase4_KO_DMSO",503,"HIVEP3"
"chr4",120682446,120690300,49.0973453065393,10,"Ligase4_KO_DMSO",734,"SMAP2"
"chr4",128734481,128737748,58.9168143678471,12,"Ligase4_KO_DMSO",737,"RNF19B"
"chr4",133647805,133655143,122.743363266348,25,"Ligase4_KO_DMSO",738,"CRYBG2_CD52"
"chr4",155065435,155070798,49.0973453065393,10,"Ligase4_KO_DMSO",743,"FNDC10"
"chr5",53976909,53990620,132.562832327656,27,"Ligase4_KO_DMSO",745,"RBPJ"
"chr5",122655996,122673093,54.0070798371932,11,"Ligase4_KO_DMSO",513,"HVCN1"
"chr5",123587712,123595610,63.8265488985011,13,"Ligase4_KO_DMSO",747,"SETD1B"
"chr5",143661491,143670760,54.0070798371932,11,"Ligase4_KO_DMSO",748,"ACTB"
"chr5",143799343,143804846,58.9168143678471,12,"Ligase4_KO_DMSO",749,"RNF216"
"chr6",48787830,48795348,44.1876107758853,9,"Ligase4_KO_DMSO",751,"TMEM176B_TMEM176A"
"chr6",70668264,70678729,697.182303352858,142,"Ligase4_KO_DMSO",752,"NULL"
"chr6",108609655,108616659,137.47256685831,28,"Ligase4_KO_DMSO",753,"0610040F04RIK_BHLHE40"
"chr6",122241484,122248465,49.0973453065393,10,"Ligase4_KO_DMSO",754,"GM6637"
"chr6",122503219,122517672,382.959293391006,78,"Ligase4_KO_DMSO",755,"AICDA"
"chr6",129182013,129189370,78.5557524904628,16,"Ligase4_KO_DMSO",756,"2310001H17RIK"
"chr6",140568008,140576838,83.4654870211168,17,"Ligase4_KO_DMSO",758,"AEBP2"
"chr6",145808745,145815676,98.1946906130785,20,"Ligase4_KO_DMSO",759,"BHLHE41"
"chr7",3656887,3657805,34.3681417145775,7,"Ligase4_KO_DMSO",327,"RPS9"
"chr7",25669615,25674318,39.2778762452314,8,"Ligase4_KO_DMSO",760,"RPS19"
"chr7",51784057,51790345,54.0070798371932,11,"Ligase4_KO_DMSO",530,"SPIB_POLD1"
"chr7",52089631,52095742,515.522125718662,105,"Ligase4_KO_DMSO",761,"IL4I1B_IL4I1"
"chr7",108256877,108259812,54.0070798371932,11,"Ligase4_KO_DMSO",534,"FCHSD2"
"chr7",117424820,117432597,122.743363266348,25,"Ligase4_KO_DMSO",764,"SWAP70"
"chr7",117770058,117775103,34.3681417145775,7,"Ligase4_KO_DMSO",765,"ADM"
"chr7",132745305,132751596,314.223009961851,64,"Ligase4_KO_DMSO",766,"IL21R"
"chr7",133554067,133558692,88.3752215517707,18,"Ligase4_KO_DMSO",767,"CD19"
"chr8",26175326,26182918,63.8265488985011,13,"Ligase4_KO_DMSO",769,"PLEKHA2"
"chr8",26208389,26215390,220.938053879427,45,"Ligase4_KO_DMSO",770,"PLEKHA2_5830408C22RIK"
"chr8",35868599,35872199,34.3681417145775,7,"Ligase4_KO_DMSO",771,"DUSP4"
"chr8",73222563,73225052,142.382301388964,29,"Ligase4_KO_DMSO",772,"JUND"
"chr8",85676841,85680772,152.201770450272,31,"Ligase4_KO_DMSO",773,"NULL"
"chr8",87498227,87504000,594.077878209125,121,"Ligase4_KO_DMSO",774,"PRDX2_JUNB"
"chr8",97263454,97278187,1242.16283625544,253,"Ligase4_KO_DMSO",776,"CCL22"
"chr8",97302728,97306004,73.6460179598089,15,"Ligase4_KO_DMSO",777,"CX3CL1"
"chr8",129106662,129123542,1065.4123931519,217,"Ligase4_KO_DMSO",779,"IRF2BP2"
"chr8",129350399,129382980,171.840708572887,35,"Ligase4_KO_DMSO",780,"A630001O12RIK"
"chr9",7827705,7838694,108.014159674386,22,"Ligase4_KO_DMSO",781,"BIRC2"
"chr9",44139796,44145798,63.8265488985011,13,"Ligase4_KO_DMSO",557,"DPAGT1_H2AX_HMBS"
"chr9",44331628,44337368,216.028319348773,44,"Ligase4_KO_DMSO",783,"CXCR5"
"chr9",44411453,44417646,44.1876107758853,9,"Ligase4_KO_DMSO",784,"DDX6"
"chr9",57787130,57791136,78.5557524904628,16,"Ligase4_KO_DMSO",785,"SEMA7A"
"chr9",62188703,62195353,58.9168143678471,12,"Ligase4_KO_DMSO",786,"ANP32A"
"chr9",88852434,88854910,39.2778762452314,8,"Ligase4_KO_DMSO",790,"BCL2A1A"
"chr10",17441219,17447279,39.2778762452314,8,"Ligase4_KO_DMSO",791,"CITED2"
"chr10",18726925,18737222,510.612391188008,104,"Ligase4_KO_DMSO",792,"TNFAIP3"
"chr10",36852383,36861682,63.8265488985011,13,"Ligase4_KO_DMSO",794,"MARCKS"
"chr10",53788735,53797361,348.591151676429,71,"Ligase4_KO_DMSO",795,"MAN1A_GM16998"
"chr10",59412272,59414301,34.3681417145775,7,"Ligase4_KO_DMSO",358,"DDIT4"
"chr10",59678873,59684876,225.847788410081,46,"Ligase4_KO_DMSO",796,"CHST3"
"chr10",80137708,80142588,68.736283429155,14,"Ligase4_KO_DMSO",797,"MKNK2"
"chr10",80392816,80396180,58.9168143678471,12,"Ligase4_KO_DMSO",798,"GADD45B"
"chr10",114749127,114753615,108.014159674386,22,"Ligase4_KO_DMSO",800,"RAB21"
"chr10",114820677,114826202,54.0070798371932,11,"Ligase4_KO_DMSO",801,"THAP2_ZFC3H1"
"chr11",22754969,22763095,83.4654870211168,17,"Ligase4_KO_DMSO",802,"B3GNT2"
"chr11",23975275,23984728,68.736283429155,14,"Ligase4_KO_DMSO",803,"BCL11A"
"chr11",32097407,32100306,49.0973453065393,10,"Ligase4_KO_DMSO",366,"IL9R"
"chr11",44429062,44433059,34.3681417145775,7,"Ligase4_KO_DMSO",367,"EBF1"
"chr11",51644731,51650720,34.3681417145775,7,"Ligase4_KO_DMSO",368,"JADE2"
"chr11",51667926,51673949,54.0070798371932,11,"Ligase4_KO_DMSO",805,"JADE2"
"chr11",61460716,61475454,589.168143678471,120,"Ligase4_KO_DMSO",806,"GRAP"
"chr11",66954722,66960639,368.230089799045,75,"Ligase4_KO_DMSO",807,"NULL"
"chr11",86394445,86400399,191.479646695503,39,"Ligase4_KO_DMSO",808,"MIR21A_VMP1"
"chr11",87555822,87577776,289.674337308582,59,"Ligase4_KO_DMSO",809,"SUPT4A_MIR142B_MIR142_TSPOAP1"
"chr11",98332485,98341114,88.3752215517707,18,"Ligase4_KO_DMSO",810,"IKZF3"
"chr11",98797764,98808540,147.292035919618,30,"Ligase4_KO_DMSO",812,"RARA"
"chr11",99008785,99017510,49.0973453065393,10,"Ligase4_KO_DMSO",813,"CCR7"
"chr11",115485866,115495762,54.0070798371932,11,"Ligase4_KO_DMSO",596,"SLC25A19"
"chr11",116273119,116273795,44.1876107758853,9,"Ligase4_KO_DMSO",378,"RNF157"
"chr11",116290739,116298490,34.3681417145775,7,"Ligase4_KO_DMSO",815,"UBALD2_GM7367"
"chr12",56583238,56596072,805.196463027244,164,"Ligase4_KO_DMSO",819,"NFKBIA"
"chr12",81121959,81135593,137.47256685831,28,"Ligase4_KO_DMSO",820,"NULL"
"chr12",81205088,81218173,1148.87788017302,234,"Ligase4_KO_DMSO",821,"ZFP36L1"
"chr12",81228852,81236421,78.5557524904628,16,"Ligase4_KO_DMSO",822,"2310015A10RIK"
"chr12",86937853,86943983,88.3752215517707,18,"Ligase4_KO_DMSO",823,"JDP2"
"chr12",113826252,113833372,108.014159674386,22,"Ligase4_KO_DMSO",825,"INF2"
"chr12",116396614,116405176,54.0070798371932,11,"Ligase4_KO_DMSO",609,"NULL"
"chr13",13681643,13691388,73.6460179598089,15,"Ligase4_KO_DMSO",826,"LYST"
"chr13",21805897,21816109,93.2849560824246,19,"Ligase4_KO_DMSO",827,"H2BC13_H2AC13_H3C10_H2BC14"
"chr13",21839769,21850732,63.8265488985011,13,"Ligase4_KO_DMSO",829,"H4C12_H2AC15_H2BC15"
"chr13",21870993,21872989,78.5557524904628,16,"Ligase4_KO_DMSO",830,"H1F5"
"chr13",22126773,22136601,103.104425143732,21,"Ligase4_KO_DMSO",831,"H2AC12_H2BC12_H4C9_H2AC11_H2BC11"
"chr13",23633652,23650380,176.750443103541,36,"Ligase4_KO_DMSO",833,"H2BC9_H3C7_H4C6_H1F3"
"chr13",23662105,23678965,166.930974042234,34,"Ligase4_KO_DMSO",835,"H2AC8_H2BC8_H2BC7_H2AC7_H3C4_H4C4_H2BC6"
"chr13",23710322,23717271,216.028319348773,44,"Ligase4_KO_DMSO",836,"H2BC6_H1F4"
"chr13",23820396,23856953,333.861948084467,68,"Ligase4_KO_DMSO",837,"H1F2_H3C3_H2BC3_H2AC4_H3C2_H4C2_H4C1_H3C1_H1F1"
"chr13",30839884,30847056,152.201770450272,31,"Ligase4_KO_DMSO",838,"IRF4"
"chr13",42143054,42150441,314.223009961851,64,"Ligase4_KO_DMSO",840,"HIVEP1"
"chr13",43879516,43900637,348.591151676429,71,"Ligase4_KO_DMSO",841,"CD83"
"chr13",53008657,53015008,49.0973453065393,10,"Ligase4_KO_DMSO",400,"AUH"
"chr13",63892558,63901251,73.6460179598089,15,"Ligase4_KO_DMSO",843,"NULL"
"chr13",103480741,103488351,73.6460179598089,15,"Ligase4_KO_DMSO",844,"CD180"
"chr14",32246075,32248978,137.47256685831,28,"Ligase4_KO_DMSO",845,"SH3BP5"
"chr14",70452931,70465700,73.6460179598089,15,"Ligase4_KO_DMSO",631,"PEBP4"
"chr14",115422385,115452187,608.807081801087,124,"Ligase4_KO_DMSO",848,"MIR17_MIR18_MIR19A_MIR20A_MIR19B-1_MIR17HG_MIR92-1"
"chr15",4327620,4334873,34.3681417145775,7,"Ligase4_KO_DMSO",849,"PLCXD3"
"chr15",11922374,11926502,73.6460179598089,15,"Ligase4_KO_DMSO",633,"SUB1"
"chr15",27554192,27563004,54.0070798371932,11,"Ligase4_KO_DMSO",851,"OTULIN"
"chr15",31295180,31297270,108.014159674386,22,"Ligase4_KO_DMSO",852,"ANKRD33B"
"chr15",59618572,59619143,34.3681417145775,7,"Ligase4_KO_DMSO",410,"NULL"
"chr15",74591718,74594021,83.4654870211168,17,"Ligase4_KO_DMSO",860,"LY6D"
"chr15",74744641,74769747,1507.28850091076,307,"Ligase4_KO_DMSO",861,"NULL"
"chr15",74778727,74791694,1153.78761470367,235,"Ligase4_KO_DMSO",862,"LY6E"
"chr15",77668590,77673867,88.3752215517707,18,"Ligase4_KO_DMSO",863,"MYH9"
"chr15",78075172,78078031,54.0070798371932,11,"Ligase4_KO_DMSO",864,"NCF4"
"chr15",78542995,78548153,34.3681417145775,7,"Ligase4_KO_DMSO",417,"ELFN2"
"chr15",79514748,79526067,63.8265488985011,13,"Ligase4_KO_DMSO",866,"JOSD1_GTPBP1"
"chr15",79903608,79914301,250.39646106335,51,"Ligase4_KO_DMSO",867,"RPL3_SNORD83B_SNORD43"
"chr15",82036873,82057957,603.897347270433,123,"Ligase4_KO_DMSO",871,"SHISA8_TNFRSF13C"
"chr15",96471395,96474612,44.1876107758853,9,"Ligase4_KO_DMSO",422,"SLC38A1"
"chr15",96510730,96529934,211.118584818119,43,"Ligase4_KO_DMSO",874,"SLC38A2"
"chr15",96585997,96588968,58.9168143678471,12,"Ligase4_KO_DMSO",875,"NULL"
"chr15",97071476,97083570,142.382301388964,29,"Ligase4_KO_DMSO",876,"AMIGO2_PCED1B"
"chr15",97203393,97207276,142.382301388964,29,"Ligase4_KO_DMSO",877,"PCED1B"
"chr15",97650153,97667209,88.3752215517707,18,"Ligase4_KO_DMSO",878,"HDAC7"
"chr15",98604861,98608673,39.2778762452314,8,"Ligase4_KO_DMSO",879,"WNT10B"
"chr15",99194505,99204497,63.8265488985011,13,"Ligase4_KO_DMSO",880,"FMNL3"
"chr15",103069496,103079749,73.6460179598089,15,"Ligase4_KO_DMSO",881,"CBX5_HNRNPA1_GM10052_GM5643_NFE2"
"chr16",10481174,10500338,265.125664655312,54,"Ligase4_KO_DMSO",882,"CIITA"
"chr16",10508001,10518604,88.3752215517707,18,"Ligase4_KO_DMSO",883,"CIITA"
"chr16",10780889,10786177,39.2778762452314,8,"Ligase4_KO_DMSO",433,"SOCS1"
"chr16",19024051,19034219,58.9168143678471,12,"Ligase4_KO_DMSO",434,"NULL"
"chr16",19240921,19241561,44.1876107758853,9,"Ligase4_KO_DMSO",435,"NULL"
"chr16",23107843,23119194,49.0973453065393,10,"Ligase4_KO_DMSO",884,"EIF4A2_SNORD2_SNORA81_RFC4"
"chr16",27385023,27393314,39.2778762452314,8,"Ligase4_KO_DMSO",885,"CCDC50"
"chr16",38451638,38464498,68.736283429155,14,"Ligase4_KO_DMSO",886,"ADPRH_CD80"
"chr16",84701459,84708654,206.208850287465,42,"Ligase4_KO_DMSO",888,"NULL"
"chr16",91546815,91551467,54.0070798371932,11,"Ligase4_KO_DMSO",889,"IFNGR2"
"chr17",8117726,8122852,88.3752215517707,18,"Ligase4_KO_DMSO",890,"TAGAP"
"chr17",29612501,29635002,1026.13451690667,209,"Ligase4_KO_DMSO",892,"PIM1"
"chr17",31990030,31993437,108.014159674386,22,"Ligase4_KO_DMSO",893,"SIK1"
"chr17",32007272,32014708,54.0070798371932,11,"Ligase4_KO_DMSO",894,"NULL"
"chr17",34243195,34259495,88.3752215517707,18,"Ligase4_KO_DMSO",895,"BRD2"
"chr17",34479538,34484598,58.9168143678471,12,"Ligase4_KO_DMSO",897,"H2-EA"
"chr17",45691883,45709346,191.479646695503,39,"Ligase4_KO_DMSO",901,"NFKBIE_SLC35B2_HSP90AB1"
"chr17",71198168,71204486,39.2778762452314,8,"Ligase4_KO_DMSO",681,"TGIF1"
"chr17",88461739,88466406,34.3681417145775,7,"Ligase4_KO_DMSO",903,"FBXO11"
"chr18",56629370,56631048,34.3681417145775,7,"Ligase4_KO_DMSO",451,"GRAMD3"
"chr18",60963030,60978152,83.4654870211168,17,"Ligase4_KO_DMSO",904,"CD74_MIR5107_TCOF1"
"chr18",65550951,65555225,44.1876107758853,9,"Ligase4_KO_DMSO",453,"ALPK2"
"chr18",65589947,65597348,112.92389420504,23,"Ligase4_KO_DMSO",905,"MALT1"
"chr18",75527119,75533860,88.3752215517707,18,"Ligase4_KO_DMSO",906,"SMAD7"
"chr18",80804373,80819380,245.486726532696,50,"Ligase4_KO_DMSO",907,"NFATC1"
"chr18",80906260,80913418,44.1876107758853,9,"Ligase4_KO_DMSO",908,"NFATC1"
"chr19",4294818,4305929,73.6460179598089,15,"Ligase4_KO_DMSO",910,"GRK2"
"chr19",5797634,5803490,54.0070798371932,11,"Ligase4_KO_DMSO",460,"MALAT1"
"chr19",6271533,6278612,34.3681417145775,7,"Ligase4_KO_DMSO",911,"EHD1"
"chr19",8792912,8803137,54.0070798371932,11,"Ligase4_KO_DMSO",462,"SLC3A2_SNHG1_SNORD22"
"chr19",10914311,10919004,34.3681417145775,7,"Ligase4_KO_DMSO",694,"SLC15A3"
"chr19",12534693,12540376,58.9168143678471,12,"Ligase4_KO_DMSO",914,"MPEG1"
"chr19",34364467,34371712,63.8265488985011,13,"Ligase4_KO_DMSO",915,"FAS"
"chr19",41056026,41069980,44.1876107758853,9,"Ligase4_KO_DMSO",916,"BLNK"
"chrX",7455203,7459288,54.0070798371932,11,"Ligase4_KO_DMSO",917,"PIM2"
"chrX",163644648,163648226,39.2778762452314,8,"Ligase4_KO_DMSO",919,"TMSB4X"
"chr1",36351156,36383582,343.635041963125,78,"Ligase4_KO_Taze",702,"ARID5A"
"chr1",50831385,50832940,52.8669295327885,12,"Ligase4_KO_Taze",703,"NULL"
"chr1",52175563,52177114,30.83904222746,7,"Ligase4_KO_Taze",471,"STAT1"
"chr1",55143929,55146993,39.6501971495914,9,"Ligase4_KO_Taze",472,"HSPD1_HSPE1"
"chr1",58780646,58786748,57.2725069938542,13,"Ligase4_KO_Taze",704,"CFLAR"
"chr1",80752353,80755948,44.0557746106571,10,"Ligase4_KO_Taze",474,"DOCK10"
"chr1",88422193,88425932,74.8948168381171,17,"Ligase4_KO_Taze",706,"PTMA"
"chr1",90546346,90555975,185.03425336476,42,"Ligase4_KO_Taze",707,"NULL"
"chr1",90592870,90600910,74.8948168381171,17,"Ligase4_KO_Taze",708,"ARL4C"
"chr1",130484027,130491119,57.2725069938542,13,"Ligase4_KO_Taze",478,"CXCR4"
"chr1",156944658,156946992,44.0557746106571,10,"Ligase4_KO_Taze",710,"IER5"
"chr1",160884702,160890944,39.6501971495914,9,"Ligase4_KO_Taze",711,"PAPPA2"
"chr1",179371118,179388375,110.139436526643,25,"Ligase4_KO_Taze",712,"ZBTB18"
"chr2",34808633,34820686,303.984844813534,69,"Ligase4_KO_Taze",714,"TRAF1"
"chr2",93296724,93302945,61.6780844549199,14,"Ligase4_KO_Taze",716,"CD82_GM10804"
"chr2",102737998,102742036,158.600788598366,36,"Ligase4_KO_Taze",717,"CD44"
"chr2",127149879,127168000,559.508337555345,127,"Ligase4_KO_Taze",719,"DUSP2_ASTL"
"chr2",127950604,127956079,30.83904222746,7,"Ligase4_KO_Taze",720,"BCL2L11"
"chr2",152650437,152657444,220.278873053285,50,"Ligase4_KO_Taze",722,"BCL2L1"
"chr2",163467602,163472095,30.83904222746,7,"Ligase4_KO_Taze",489,"SERINC3_0610039K10RIK"
"chr2",166889232,166892345,30.83904222746,7,"Ligase4_KO_Taze",490,"ZFAS1_SNORD12"
"chr2",167362305,167368674,96.9227041434456,22,"Ligase4_KO_Taze",723,"SNAI1"
"chr3",9251639,9253022,39.6501971495914,9,"Ligase4_KO_Taze",725,"ZBTB10"
"chr3",30994254,30996797,35.2446196885257,8,"Ligase4_KO_Taze",493,"SKIL"
"chr3",95463219,95466656,74.8948168381171,17,"Ligase4_KO_Taze",726,"MCL1"
"chr3",96020819,96026160,88.1115492213142,20,"Ligase4_KO_Taze",727,"H2AC21_H2AC20_H2BC21"
"chr3",96039263,96053680,163.006366059431,37,"Ligase4_KO_Taze",728,"H3C15_H3C14_H2AC18_H2AC19"
"chr3",96066639,96074279,83.7059717602485,19,"Ligase4_KO_Taze",729,"H4C14_H3C13_H2BC18"
"chr4",40793124,40800691,61.6780844549199,14,"Ligase4_KO_Taze",498,"B4GALT1_MIR5123"
"chr4",44716511,44724651,57.2725069938542,13,"Ligase4_KO_Taze",731,"PAX5_5730488B01RIK"
"chr4",44979272,44983337,123.35616890984,28,"Ligase4_KO_Taze",732,"NULL"
"chr4",45541146,45542635,39.6501971495914,9,"Ligase4_KO_Taze",501,"SHB"
"chr4",119703490,119708186,158.600788598366,36,"Ligase4_KO_Taze",733,"HIVEP3"
"chr4",119724969,119735370,88.1115492213142,20,"Ligase4_KO_Taze",503,"HIVEP3"
"chr4",124800195,124804348,44.0557746106571,10,"Ligase4_KO_Taze",504,"ZC3H12A"
"chr4",128708810,128717375,57.2725069938542,13,"Ligase4_KO_Taze",736,"NULL"
"chr4",128734481,128737748,110.139436526643,25,"Ligase4_KO_Taze",737,"RNF19B"
"chr4",133647805,133655143,158.600788598366,36,"Ligase4_KO_Taze",738,"CRYBG2_CD52"
"chr4",134672896,134680363,70.4892393770513,16,"Ligase4_KO_Taze",739,"RUNX3"
"chr4",149228669,149231656,48.4613520717228,11,"Ligase4_KO_Taze",740,"NULL"
"chr4",149432507,149437557,48.4613520717228,11,"Ligase4_KO_Taze",741,"NULL"
"chr4",155065435,155070798,30.83904222746,7,"Ligase4_KO_Taze",743,"FNDC10"
"chr5",53976909,53990620,220.278873053285,50,"Ligase4_KO_Taze",745,"RBPJ"
"chr5",122655996,122673093,57.2725069938542,13,"Ligase4_KO_Taze",513,"HVCN1"
"chr5",123587712,123595610,52.8669295327885,12,"Ligase4_KO_Taze",747,"SETD1B"
"chr5",143661491,143670760,149.789633676234,34,"Ligase4_KO_Taze",748,"ACTB"
"chr5",143799343,143804846,57.2725069938542,13,"Ligase4_KO_Taze",749,"RNF216"
"chr6",48787830,48795348,48.4613520717228,11,"Ligase4_KO_Taze",751,"TMEM176B_TMEM176A"
"chr6",70668264,70678729,541.886027711082,123,"Ligase4_KO_Taze",752,"NULL"
"chr6",108609655,108616659,251.117915280745,57,"Ligase4_KO_Taze",753,"0610040F04RIK_BHLHE40"
"chr6",119987246,119989965,35.2446196885257,8,"Ligase4_KO_Taze",522,"WNK1"
"chr6",122241484,122248465,66.0836619159856,15,"Ligase4_KO_Taze",754,"GM6637"
"chr6",122503219,122517672,383.285239112717,87,"Ligase4_KO_Taze",755,"AICDA"
"chr6",127190237,127193782,44.0557746106571,10,"Ligase4_KO_Taze",526,"NULL"
"chr6",129182013,129189370,66.0836619159856,15,"Ligase4_KO_Taze",756,"2310001H17RIK"
"chr6",140568008,140576838,193.845408286891,44,"Ligase4_KO_Taze",758,"AEBP2"
"chr6",145808745,145815676,57.2725069938542,13,"Ligase4_KO_Taze",759,"BHLHE41"
"chr7",51784057,51790345,92.5171266823799,21,"Ligase4_KO_Taze",530,"SPIB_POLD1"
"chr7",52089631,52095742,652.025464237725,148,"Ligase4_KO_Taze",761,"IL4I1B_IL4I1"
"chr7",87544383,87549233,48.4613520717228,11,"Ligase4_KO_Taze",532,"FURIN"
"chr7",97207915,97211102,61.6780844549199,14,"Ligase4_KO_Taze",763,"NULL"
"chr7",108256877,108259812,61.6780844549199,14,"Ligase4_KO_Taze",534,"FCHSD2"
"chr7",117365090,117369885,30.83904222746,7,"Ligase4_KO_Taze",535,"SWAP70"
"chr7",117424820,117432597,136.572901293037,31,"Ligase4_KO_Taze",764,"SWAP70"
"chr7",117770058,117775103,70.4892393770513,16,"Ligase4_KO_Taze",765,"ADM"
"chr7",129432296,129436990,35.2446196885257,8,"Ligase4_KO_Taze",538,"PRKCB"
"chr7",129459321,129465970,35.2446196885257,8,"Ligase4_KO_Taze",539,"PRKCB"
"chr7",132745305,132751596,118.950591448774,27,"Ligase4_KO_Taze",766,"IL21R"
"chr7",133554067,133558692,101.328281604511,23,"Ligase4_KO_Taze",767,"CD19"
"chr8",3692927,3693886,39.6501971495914,9,"Ligase4_KO_Taze",768,"FCER2A"
"chr8",26175326,26182918,48.4613520717228,11,"Ligase4_KO_Taze",769,"PLEKHA2"
"chr8",26208389,26215390,185.03425336476,42,"Ligase4_KO_Taze",770,"PLEKHA2_5830408C22RIK"
"chr8",35868599,35872199,79.3003942991828,18,"Ligase4_KO_Taze",771,"DUSP4"
"chr8",73222563,73225052,163.006366059431,37,"Ligase4_KO_Taze",772,"JUND"
"chr8",85676841,85680772,101.328281604511,23,"Ligase4_KO_Taze",773,"NULL"
"chr8",87498227,87504000,709.297971231579,161,"Ligase4_KO_Taze",774,"PRDX2_JUNB"
"chr8",91158492,91159795,39.6501971495914,9,"Ligase4_KO_Taze",549,"SNX20"
"chr8",97263454,97278187,1462.65171707382,332,"Ligase4_KO_Taze",776,"CCL22"
"chr8",97302728,97306004,118.950591448774,27,"Ligase4_KO_Taze",777,"CX3CL1"
"chr8",129106662,129123542,1273.21188624799,289,"Ligase4_KO_Taze",779,"IRF2BP2"
"chr8",129350399,129382980,149.789633676234,34,"Ligase4_KO_Taze",780,"A630001O12RIK"
"chr9",7827705,7838694,110.139436526643,25,"Ligase4_KO_Taze",781,"BIRC2"
"chr9",7870769,7874795,52.8669295327885,12,"Ligase4_KO_Taze",782,"BIRC3"
"chr9",44139796,44145798,48.4613520717228,11,"Ligase4_KO_Taze",557,"DPAGT1_H2AX_HMBS"
"chr9",44331628,44337368,290.768112430337,66,"Ligase4_KO_Taze",783,"CXCR5"
"chr9",44411453,44417646,57.2725069938542,13,"Ligase4_KO_Taze",784,"DDX6"
"chr9",57787130,57791136,171.817520981563,39,"Ligase4_KO_Taze",785,"SEMA7A"
"chr9",62188703,62195353,48.4613520717228,11,"Ligase4_KO_Taze",786,"ANP32A"
"chr9",66121303,66123301,44.0557746106571,10,"Ligase4_KO_Taze",788,"NULL"
"chr9",66197898,66200130,35.2446196885257,8,"Ligase4_KO_Taze",563,"HERC1"
"chr9",88621332,88625516,44.0557746106571,10,"Ligase4_KO_Taze",564,"BCL2A1D"
"chr9",88852434,88854910,74.8948168381171,17,"Ligase4_KO_Taze",790,"BCL2A1A"
"chr9",89094235,89098317,74.8948168381171,17,"Ligase4_KO_Taze",566,"BCL2A1B"
"chr9",92143460,92146762,44.0557746106571,10,"Ligase4_KO_Taze",567,"PLSCR1"
"chr10",17441219,17447279,92.5171266823799,21,"Ligase4_KO_Taze",791,"CITED2"
"chr10",18726925,18737222,722.514703614776,164,"Ligase4_KO_Taze",792,"TNFAIP3"
"chr10",23504592,23506724,39.6501971495914,9,"Ligase4_KO_Taze",793,"RPS12_SNORA33_SNORD100"
"chr10",36852383,36861682,158.600788598366,36,"Ligase4_KO_Taze",794,"MARCKS"
"chr10",53788735,53797361,273.145802586074,62,"Ligase4_KO_Taze",795,"MAN1A_GM16998"
"chr10",59678873,59684876,198.250985747957,45,"Ligase4_KO_Taze",796,"CHST3"
"chr10",80137708,80142588,88.1115492213142,20,"Ligase4_KO_Taze",797,"MKNK2"
"chr10",80392816,80396180,136.572901293037,31,"Ligase4_KO_Taze",798,"GADD45B"
"chr10",92769370,92773449,52.8669295327885,12,"Ligase4_KO_Taze",578,"ELK3"
"chr10",96077389,96086044,70.4892393770513,16,"Ligase4_KO_Taze",799,"BTG1"
"chr10",114749127,114753615,74.8948168381171,17,"Ligase4_KO_Taze",800,"RAB21"
"chr10",114820677,114826202,66.0836619159856,15,"Ligase4_KO_Taze",801,"THAP2_ZFC3H1"
"chr11",6416422,6428323,74.8948168381171,17,"Ligase4_KO_Taze",582,"MYO1G_SNHG15"
"chr11",22754969,22763095,105.733859065577,24,"Ligase4_KO_Taze",802,"B3GNT2"
"chr11",51667926,51673949,52.8669295327885,12,"Ligase4_KO_Taze",805,"JADE2"
"chr11",61460716,61475454,449.368901028702,102,"Ligase4_KO_Taze",806,"GRAP"
"chr11",66954722,66960639,290.768112430337,66,"Ligase4_KO_Taze",807,"NULL"
"chr11",86394445,86400399,299.579267352468,68,"Ligase4_KO_Taze",808,"MIR21A_VMP1"
"chr11",87555822,87577776,374.474084190585,85,"Ligase4_KO_Taze",809,"SUPT4A_MIR142B_MIR142_TSPOAP1"
"chr11",96633270,96638368,52.8669295327885,12,"Ligase4_KO_Taze",590,"SNX11"
"chr11",98332485,98341114,66.0836619159856,15,"Ligase4_KO_Taze",810,"IKZF3"
"chr11",98797764,98808540,140.978478754103,32,"Ligase4_KO_Taze",812,"RARA"
"chr11",99008785,99017510,88.1115492213142,20,"Ligase4_KO_Taze",813,"CCR7"
"chr11",104987897,104992989,30.83904222746,7,"Ligase4_KO_Taze",814,"METTL2"
"chr11",106169292,106176392,44.0557746106571,10,"Ligase4_KO_Taze",595,"CD79B"
"chr11",115485866,115495762,57.2725069938542,13,"Ligase4_KO_Taze",596,"SLC25A19"
"chr11",116290739,116298490,44.0557746106571,10,"Ligase4_KO_Taze",815,"UBALD2_GM7367"
"chr11",117671928,117693875,105.733859065577,24,"Ligase4_KO_Taze",816,"SYNGR2_TK1_AFMID"
"chr11",118948067,118952799,48.4613520717228,11,"Ligase4_KO_Taze",599,"NULL"
"chr12",8503799,8508977,39.6501971495914,9,"Ligase4_KO_Taze",817,"RHOB"
"chr12",25776728,25785362,57.2725069938542,13,"Ligase4_KO_Taze",818,"ID2"
"chr12",56583238,56596072,1176.28918210454,267,"Ligase4_KO_Taze",819,"NFKBIA"
"chr12",81121959,81135593,149.789633676234,34,"Ligase4_KO_Taze",820,"NULL"
"chr12",81205088,81218173,1317.26766085865,299,"Ligase4_KO_Taze",821,"ZFP36L1"
"chr12",81228852,81236421,52.8669295327885,12,"Ligase4_KO_Taze",822,"2310015A10RIK"
"chr12",86937853,86943983,321.607154657797,73,"Ligase4_KO_Taze",823,"JDP2"
"chr12",87026855,87031178,96.9227041434456,22,"Ligase4_KO_Taze",824,"BATF"
"chr12",113826252,113833372,61.6780844549199,14,"Ligase4_KO_Taze",825,"INF2"
"chr12",116396614,116405176,61.6780844549199,14,"Ligase4_KO_Taze",609,"NULL"
"chr13",13681643,13691388,83.7059717602485,19,"Ligase4_KO_Taze",826,"LYST"
"chr13",21805897,21816109,123.35616890984,28,"Ligase4_KO_Taze",827,"H2BC13_H2AC13_H3C10_H2BC14"
"chr13",21839769,21850732,110.139436526643,25,"Ligase4_KO_Taze",829,"H4C12_H2AC15_H2BC15"
"chr13",21870993,21872989,101.328281604511,23,"Ligase4_KO_Taze",830,"H1F5"
"chr13",22126773,22136601,132.167323831971,30,"Ligase4_KO_Taze",831,"H2AC12_H2BC12_H4C9_H2AC11_H2BC11"
"chr13",23620086,23628764,61.6780844549199,14,"Ligase4_KO_Taze",832,"H4C8_H2AC10_H3C8"
"chr13",23633652,23650380,268.740225125008,61,"Ligase4_KO_Taze",833,"H2BC9_H3C7_H4C6_H1F3"
"chr13",23662105,23678965,259.929070202877,59,"Ligase4_KO_Taze",835,"H2AC8_H2BC8_H2BC7_H2AC7_H3C4_H4C4_H2BC6"
"chr13",23710322,23717271,378.879661651651,86,"Ligase4_KO_Taze",836,"H2BC6_H1F4"
"chr13",23820396,23856953,603.564112166002,137,"Ligase4_KO_Taze",837,"H1F2_H3C3_H2BC3_H2AC4_H3C2_H4C2_H4C1_H3C1_H1F1"
"chr13",30839884,30847056,145.384056215168,33,"Ligase4_KO_Taze",838,"IRF4"
"chr13",42143054,42150441,198.250985747957,45,"Ligase4_KO_Taze",840,"HIVEP1"
"chr13",43879516,43900637,400.90754895698,91,"Ligase4_KO_Taze",841,"CD83"
"chr13",46057977,46063011,39.6501971495914,9,"Ligase4_KO_Taze",625,"ATXN1"
"chr13",51940640,51945847,52.8669295327885,12,"Ligase4_KO_Taze",626,"GADD45G"
"chr13",53070791,53079848,57.2725069938542,13,"Ligase4_KO_Taze",842,"NFIL3"
"chr13",63892558,63901251,44.0557746106571,10,"Ligase4_KO_Taze",843,"NULL"
"chr14",32246075,32248978,101.328281604511,23,"Ligase4_KO_Taze",845,"SH3BP5"
"chr14",33995184,34001718,39.6501971495914,9,"Ligase4_KO_Taze",846,"WDFY4"
"chr14",70452931,70465700,74.8948168381171,17,"Ligase4_KO_Taze",631,"PEBP4"
"chr14",115422385,115452187,585.941802321739,133,"Ligase4_KO_Taze",848,"MIR17_MIR18_MIR19A_MIR20A_MIR19B-1_MIR17HG_MIR92-1"
"chr15",11922374,11926502,57.2725069938542,13,"Ligase4_KO_Taze",633,"SUB1"
"chr15",12660633,12666642,30.83904222746,7,"Ligase4_KO_Taze",634,"PDZD2"
"chr15",27554192,27563004,44.0557746106571,10,"Ligase4_KO_Taze",851,"OTULIN"
"chr15",31295180,31297270,229.090027975417,52,"Ligase4_KO_Taze",852,"ANKRD33B"
"chr15",34011424,34014821,44.0557746106571,10,"Ligase4_KO_Taze",637,"MTDH"
"chr15",73342285,73344572,35.2446196885257,8,"Ligase4_KO_Taze",638,"DENND3"
"chr15",74591718,74594021,96.9227041434456,22,"Ligase4_KO_Taze",860,"LY6D"
"chr15",74744641,74769747,2092.64929400621,475,"Ligase4_KO_Taze",861,"NULL"
"chr15",74778727,74791694,1352.51228054717,307,"Ligase4_KO_Taze",862,"LY6E"
"chr15",77362368,77363728,61.6780844549199,14,"Ligase4_KO_Taze",642,"APOL7C"
"chr15",77668590,77673867,101.328281604511,23,"Ligase4_KO_Taze",863,"MYH9"
"chr15",78075172,78078031,96.9227041434456,22,"Ligase4_KO_Taze",864,"NCF4"
"chr15",78156341,78165186,48.4613520717228,11,"Ligase4_KO_Taze",645,"CSF2RB"
"chr15",79514748,79526067,92.5171266823799,21,"Ligase4_KO_Taze",866,"JOSD1_GTPBP1"
"chr15",79903608,79914301,185.03425336476,42,"Ligase4_KO_Taze",867,"RPL3_SNORD83B_SNORD43"
"chr15",80509154,80513943,30.83904222746,7,"Ligase4_KO_Taze",648,"FAM83F"
"chr15",81976450,81979225,35.2446196885257,8,"Ligase4_KO_Taze",870,"SREBF2"
"chr15",82036873,82057957,1277.61746370906,290,"Ligase4_KO_Taze",871,"SHISA8_TNFRSF13C"
"chr15",82979556,82982412,44.0557746106571,10,"Ligase4_KO_Taze",651,"POLDIP3_RNU12"
"chr15",88691323,88695087,44.0557746106571,10,"Ligase4_KO_Taze",872,"PIM3"
"chr15",93425009,93428158,39.6501971495914,9,"Ligase4_KO_Taze",653,"PRICKLE1"
"chr15",96510730,96529934,185.03425336476,42,"Ligase4_KO_Taze",874,"SLC38A2"
"chr15",96585997,96588968,30.83904222746,7,"Ligase4_KO_Taze",875,"NULL"
"chr15",97071476,97083570,202.656563209023,46,"Ligase4_KO_Taze",876,"AMIGO2_PCED1B"
"chr15",97203393,97207276,88.1115492213142,20,"Ligase4_KO_Taze",877,"PCED1B"
"chr15",99194505,99204497,96.9227041434456,22,"Ligase4_KO_Taze",880,"FMNL3"
"chr15",101054767,101055411,30.83904222746,7,"Ligase4_KO_Taze",659,"A330009N23RIK_GRASP"
"chr15",103069496,103079749,48.4613520717228,11,"Ligase4_KO_Taze",881,"CBX5_HNRNPA1_GM10052_GM5643_NFE2"
"chr16",10481174,10500338,400.90754895698,91,"Ligase4_KO_Taze",882,"CIITA"
"chr16",10508001,10518604,123.35616890984,28,"Ligase4_KO_Taze",883,"CIITA"
"chr16",27385023,27393314,44.0557746106571,10,"Ligase4_KO_Taze",885,"CCDC50"
"chr16",38451638,38464498,70.4892393770513,16,"Ligase4_KO_Taze",886,"ADPRH_CD80"
"chr16",84701459,84708654,400.90754895698,91,"Ligase4_KO_Taze",888,"NULL"
"chr16",91546815,91551467,96.9227041434456,22,"Ligase4_KO_Taze",889,"IFNGR2"
"chr17",8117726,8122852,207.062140670088,47,"Ligase4_KO_Taze",890,"TAGAP"
"chr17",24664597,24668727,44.0557746106571,10,"Ligase4_KO_Taze",891,"TRAF7_RAB26OS_RAB26"
"chr17",29612501,29635002,1295.23977355332,294,"Ligase4_KO_Taze",892,"PIM1"
"chr17",31990030,31993437,154.1952111373,35,"Ligase4_KO_Taze",893,"SIK1"
"chr17",32007272,32014708,79.3003942991828,18,"Ligase4_KO_Taze",894,"NULL"
"chr17",34243195,34259495,79.3003942991828,18,"Ligase4_KO_Taze",895,"BRD2"
"chr17",34423833,34424473,35.2446196885257,8,"Ligase4_KO_Taze",673,"H2-AA"
"chr17",34430808,34446569,57.2725069938542,13,"Ligase4_KO_Taze",674,"H2-EB1"
"chr17",34479538,34484598,48.4613520717228,11,"Ligase4_KO_Taze",897,"H2-EA"
"chr17",35136314,35140519,66.0836619159856,15,"Ligase4_KO_Taze",898,"D17H6S56E-5_VARS"
"chr17",35331020,35333801,48.4613520717228,11,"Ligase4_KO_Taze",899,"LTB_MIR6973A"
"chr17",45691883,45709346,259.929070202877,59,"Ligase4_KO_Taze",901,"NFKBIE_SLC35B2_HSP90AB1"
"chr17",57244440,57247807,79.3003942991828,18,"Ligase4_KO_Taze",902,"GM11110_TNFSF9"
"chr17",71198168,71204486,52.8669295327885,12,"Ligase4_KO_Taze",681,"TGIF1"
"chr18",40467737,40468027,39.6501971495914,9,"Ligase4_KO_Taze",682,"KCTD16"
"chr18",60963030,60978152,114.545013987708,26,"Ligase4_KO_Taze",904,"CD74_MIR5107_TCOF1"
"chr18",65589947,65597348,105.733859065577,24,"Ligase4_KO_Taze",905,"MALT1"
"chr18",68385202,68390781,48.4613520717228,11,"Ligase4_KO_Taze",685,"LDLRAD4"
"chr18",75527119,75533860,171.817520981563,39,"Ligase4_KO_Taze",906,"SMAD7"
"chr18",80804373,80819380,110.139436526643,25,"Ligase4_KO_Taze",907,"NFATC1"
"chr18",80906260,80913418,35.2446196885257,8,"Ligase4_KO_Taze",908,"NFATC1"
"chr18",82704461,82706088,35.2446196885257,8,"Ligase4_KO_Taze",909,"MBP"
"chr19",4294818,4305929,79.3003942991828,18,"Ligase4_KO_Taze",910,"GRK2"
"chr19",5843396,5849000,35.2446196885257,8,"Ligase4_KO_Taze",691,"NEAT1"
"chr19",6271533,6278612,83.7059717602485,19,"Ligase4_KO_Taze",911,"EHD1"
"chr19",6297541,6299169,35.2446196885257,8,"Ligase4_KO_Taze",693,"EHD1"
"chr19",10914311,10919004,30.83904222746,7,"Ligase4_KO_Taze",694,"SLC15A3"
"chr19",29323688,29326745,30.83904222746,7,"Ligase4_KO_Taze",695,"JAK2"
"chr19",34364467,34371712,57.2725069938542,13,"Ligase4_KO_Taze",915,"FAS"
"chr19",41056026,41069980,127.761746370906,29,"Ligase4_KO_Taze",916,"BLNK"
"chr19",53976914,53981874,35.2446196885257,8,"Ligase4_KO_Taze",698,"PDCD4"
"chrX",11653638,11661198,79.3003942991828,18,"Ligase4_KO_Taze",918,"BCOR"
"chrX",163644648,163648226,105.733859065577,24,"Ligase4_KO_Taze",919,"TMSB4X"
"chr1",13513440,13513491,50.3330369276714,12,"Ligase4_KO_Vale",701,"NULL"
"chr1",36351156,36383582,343.942419005755,82,"Ligase4_KO_Vale",702,"ARID5A"
"chr1",50831385,50832940,71.3051356475345,17,"Ligase4_KO_Vale",703,"NULL"
"chr1",58780646,58786748,100.666073855343,24,"Ligase4_KO_Vale",704,"CFLAR"
"chr1",72253614,72259029,50.3330369276714,12,"Ligase4_KO_Vale",705,"MREG"
"chr1",88422193,88425932,88.082814623425,21,"Ligase4_KO_Vale",706,"PTMA"
"chr1",90546346,90555975,180.360048990823,43,"Ligase4_KO_Vale",707,"NULL"
"chr1",90592870,90600910,79.6939751354797,19,"Ligase4_KO_Vale",708,"ARL4C"
"chr1",108067331,108072303,41.9441974397262,10,"Ligase4_KO_Vale",709,"GM20753_PHLPP1"
"chr1",156944658,156946992,29.3609382078083,7,"Ligase4_KO_Vale",710,"IER5"
"chr1",160884702,160890944,46.1386171836988,11,"Ligase4_KO_Vale",711,"PAPPA2"
"chr1",179371118,179388375,83.8883948794524,20,"Ligase4_KO_Vale",712,"ZBTB18"
"chr2",29474235,29478430,37.7497776957536,9,"Ligase4_KO_Vale",713,"RAPGEF1"
"chr2",34808633,34820686,226.498666174521,54,"Ligase4_KO_Vale",714,"TRAF1"
"chr2",43249909,43250062,37.7497776957536,9,"Ligase4_KO_Vale",715,"NULL"
"chr2",93296724,93302945,62.9162961595893,15,"Ligase4_KO_Vale",716,"CD82_GM10804"
"chr2",102737998,102742036,138.415851551096,33,"Ligase4_KO_Vale",717,"CD44"
"chr2",122456070,122458029,29.3609382078083,7,"Ligase4_KO_Vale",718,"SPATA5L1"
"chr2",127149879,127168000,591.413183900139,141,"Ligase4_KO_Vale",719,"DUSP2_ASTL"
"chr2",127950604,127956079,46.1386171836988,11,"Ligase4_KO_Vale",720,"BCL2L11"
"chr2",152650437,152657444,171.971209502877,41,"Ligase4_KO_Vale",722,"BCL2L1"
"chr2",167362305,167368674,96.4716541113702,23,"Ligase4_KO_Vale",723,"SNAI1"
"chr2",181652403,181653423,33.5553579517809,8,"Ligase4_KO_Vale",724,"NULL"
"chr3",9251639,9253022,37.7497776957536,9,"Ligase4_KO_Vale",725,"ZBTB10"
"chr3",95463219,95466656,41.9441974397262,10,"Ligase4_KO_Vale",726,"MCL1"
"chr3",96020819,96026160,75.4995553915071,18,"Ligase4_KO_Vale",727,"H2AC21_H2AC20_H2BC21"
"chr3",96039263,96053680,67.1107159035619,16,"Ligase4_KO_Vale",728,"H3C15_H3C14_H2AC18_H2AC19"
"chr3",96066639,96074279,104.860493599315,25,"Ligase4_KO_Vale",729,"H4C14_H3C13_H2BC18"
"chr3",122106450,122112435,41.9441974397262,10,"Ligase4_KO_Vale",730,"NULL"
"chr4",44716511,44724651,62.9162961595893,15,"Ligase4_KO_Vale",731,"PAX5_5730488B01RIK"
"chr4",44979272,44983337,150.999110783014,36,"Ligase4_KO_Vale",732,"NULL"
"chr4",119703490,119708186,130.027012063151,31,"Ligase4_KO_Vale",733,"HIVEP3"
"chr4",120682446,120690300,71.3051356475345,17,"Ligase4_KO_Vale",734,"SMAP2"
"chr4",127187647,127192237,29.3609382078083,7,"Ligase4_KO_Vale",735,"NULL"
"chr4",128708810,128717375,62.9162961595893,15,"Ligase4_KO_Vale",736,"NULL"
"chr4",128734481,128737748,67.1107159035619,16,"Ligase4_KO_Vale",737,"RNF19B"
"chr4",133647805,133655143,104.860493599315,25,"Ligase4_KO_Vale",738,"CRYBG2_CD52"
"chr4",134672896,134680363,71.3051356475345,17,"Ligase4_KO_Vale",739,"RUNX3"
"chr4",149228669,149231656,50.3330369276714,12,"Ligase4_KO_Vale",740,"NULL"
"chr4",149432507,149437557,50.3330369276714,12,"Ligase4_KO_Vale",741,"NULL"
"chr4",149461484,149466144,67.1107159035619,16,"Ligase4_KO_Vale",742,"GPR157"
"chr4",155065435,155070798,67.1107159035619,16,"Ligase4_KO_Vale",743,"FNDC10"
"chr5",3341414,3347688,46.1386171836988,11,"Ligase4_KO_Vale",744,"CDK6"
"chr5",53976909,53990620,209.720987198631,50,"Ligase4_KO_Vale",745,"RBPJ"
"chr5",123578698,123583244,33.5553579517809,8,"Ligase4_KO_Vale",746,"RHOF"
"chr5",123587712,123595610,41.9441974397262,10,"Ligase4_KO_Vale",747,"SETD1B"
"chr5",143661491,143670760,142.610271295069,34,"Ligase4_KO_Vale",748,"ACTB"
"chr5",143799343,143804846,71.3051356475345,17,"Ligase4_KO_Vale",749,"RNF216"
"chr6",48787830,48795348,41.9441974397262,10,"Ligase4_KO_Vale",751,"TMEM176B_TMEM176A"
"chr6",70668264,70678729,369.10893746959,88,"Ligase4_KO_Vale",752,"NULL"
"chr6",108609655,108616659,272.63728335822,65,"Ligase4_KO_Vale",753,"0610040F04RIK_BHLHE40"
"chr6",122241484,122248465,46.1386171836988,11,"Ligase4_KO_Vale",754,"GM6637"
"chr6",122503219,122517672,381.692196701508,91,"Ligase4_KO_Vale",755,"AICDA"
"chr6",129182013,129189370,54.527456671644,13,"Ligase4_KO_Vale",756,"2310001H17RIK"
"chr6",136751675,136754429,37.7497776957536,9,"Ligase4_KO_Vale",757,"H4F16"
"chr6",140568008,140576838,188.748888478768,45,"Ligase4_KO_Vale",758,"AEBP2"
"chr6",145808745,145815676,54.527456671644,13,"Ligase4_KO_Vale",759,"BHLHE41"
"chr7",25669615,25674318,50.3330369276714,12,"Ligase4_KO_Vale",760,"RPS19"
"chr7",52089631,52095742,494.941529788769,118,"Ligase4_KO_Vale",761,"IL4I1B_IL4I1"
"chr7",52377597,52384082,46.1386171836988,11,"Ligase4_KO_Vale",762,"RPS11_SNORD35B_RPL13A_SNORD35A_SNORD34_SNORD33_MIR5121_SNORD32A"
"chr7",97207915,97211102,37.7497776957536,9,"Ligase4_KO_Vale",763,"NULL"
"chr7",117424820,117432597,71.3051356475345,17,"Ligase4_KO_Vale",764,"SWAP70"
"chr7",117770058,117775103,96.4716541113702,23,"Ligase4_KO_Vale",765,"ADM"
"chr7",132745305,132751596,209.720987198631,50,"Ligase4_KO_Vale",766,"IL21R"
"chr7",133554067,133558692,100.666073855343,24,"Ligase4_KO_Vale",767,"CD19"
"chr8",3692927,3693886,29.3609382078083,7,"Ligase4_KO_Vale",768,"FCER2A"
"chr8",26175326,26182918,62.9162961595893,15,"Ligase4_KO_Vale",769,"PLEKHA2"
"chr8",26208389,26215390,226.498666174521,54,"Ligase4_KO_Vale",770,"PLEKHA2_5830408C22RIK"
"chr8",35868599,35872199,88.082814623425,21,"Ligase4_KO_Vale",771,"DUSP4"
"chr8",73222563,73225052,192.94330822274,46,"Ligase4_KO_Vale",772,"JUND"
"chr8",85676841,85680772,155.193530526987,37,"Ligase4_KO_Vale",773,"NULL"
"chr8",87498227,87504000,729.829035451236,174,"Ligase4_KO_Vale",774,"PRDX2_JUNB"
"chr8",97227684,97229748,58.7218764156167,14,"Ligase4_KO_Vale",775,"NULL"
"chr8",97263454,97278187,1430.29713269466,341,"Ligase4_KO_Vale",776,"CCL22"
"chr8",97302728,97306004,100.666073855343,24,"Ligase4_KO_Vale",777,"CX3CL1"
"chr8",129106662,129123542,1195.4096270322,285,"Ligase4_KO_Vale",779,"IRF2BP2"
"chr8",129350399,129382980,155.193530526987,37,"Ligase4_KO_Vale",780,"A630001O12RIK"
"chr9",7827705,7838694,75.4995553915071,18,"Ligase4_KO_Vale",781,"BIRC2"
"chr9",7870769,7874795,54.527456671644,13,"Ligase4_KO_Vale",782,"BIRC3"
"chr9",44331628,44337368,406.858715165344,97,"Ligase4_KO_Vale",783,"CXCR5"
"chr9",44411453,44417646,75.4995553915071,18,"Ligase4_KO_Vale",784,"DDX6"
"chr9",57787130,57791136,234.887505662467,56,"Ligase4_KO_Vale",785,"SEMA7A"
"chr9",62188703,62195353,29.3609382078083,7,"Ligase4_KO_Vale",786,"ANP32A"
"chr9",64658961,64661325,37.7497776957536,9,"Ligase4_KO_Vale",787,"DENND4A"
"chr9",66121303,66123301,41.9441974397262,10,"Ligase4_KO_Vale",788,"NULL"
"chr9",78325387,78329112,33.5553579517809,8,"Ligase4_KO_Vale",789,"EEF1A1"
"chr9",88852434,88854910,62.9162961595893,15,"Ligase4_KO_Vale",790,"BCL2A1A"
"chr10",17441219,17447279,71.3051356475345,17,"Ligase4_KO_Vale",791,"CITED2"
"chr10",18726925,18737222,583.024344412194,139,"Ligase4_KO_Vale",792,"TNFAIP3"
"chr10",23504592,23506724,37.7497776957536,9,"Ligase4_KO_Vale",793,"RPS12_SNORA33_SNORD100"
"chr10",36852383,36861682,142.610271295069,34,"Ligase4_KO_Vale",794,"MARCKS"
"chr10",53788735,53797361,289.414962334111,69,"Ligase4_KO_Vale",795,"MAN1A_GM16998"
"chr10",59678873,59684876,209.720987198631,50,"Ligase4_KO_Vale",796,"CHST3"
"chr10",80137708,80142588,67.1107159035619,16,"Ligase4_KO_Vale",797,"MKNK2"
"chr10",80392816,80396180,83.8883948794524,20,"Ligase4_KO_Vale",798,"GADD45B"
"chr10",96077389,96086044,71.3051356475345,17,"Ligase4_KO_Vale",799,"BTG1"
"chr10",114749127,114753615,121.638172575206,29,"Ligase4_KO_Vale",800,"RAB21"
"chr10",114820677,114826202,54.527456671644,13,"Ligase4_KO_Vale",801,"THAP2_ZFC3H1"
"chr11",22754969,22763095,134.221431807124,32,"Ligase4_KO_Vale",802,"B3GNT2"
"chr11",23975275,23984728,58.7218764156167,14,"Ligase4_KO_Vale",803,"BCL11A"
"chr11",33882555,33890872,46.1386171836988,11,"Ligase4_KO_Vale",804,"KCNIP1_4930469K13RIK"
"chr11",51667926,51673949,54.527456671644,13,"Ligase4_KO_Vale",805,"JADE2"
"chr11",61460716,61475454,503.330369276714,120,"Ligase4_KO_Vale",806,"GRAP"
"chr11",66954722,66960639,213.915406942604,51,"Ligase4_KO_Vale",807,"NULL"
"chr11",86394445,86400399,239.081925406439,57,"Ligase4_KO_Vale",808,"MIR21A_VMP1"
"chr11",87555822,87577776,289.414962334111,69,"Ligase4_KO_Vale",809,"SUPT4A_MIR142B_MIR142_TSPOAP1"
"chr11",98332485,98341114,67.1107159035619,16,"Ligase4_KO_Vale",810,"IKZF3"
"chr11",98405326,98408106,33.5553579517809,8,"Ligase4_KO_Vale",811,"IKZF3"
"chr11",98797764,98808540,155.193530526987,37,"Ligase4_KO_Vale",812,"RARA"
"chr11",99008785,99017510,96.4716541113702,23,"Ligase4_KO_Vale",813,"CCR7"
"chr11",104987897,104992989,37.7497776957536,9,"Ligase4_KO_Vale",814,"METTL2"
"chr11",116290739,116298490,37.7497776957536,9,"Ligase4_KO_Vale",815,"UBALD2_GM7367"
"chr11",117671928,117693875,75.4995553915071,18,"Ligase4_KO_Vale",816,"SYNGR2_TK1_AFMID"
"chr12",8503799,8508977,41.9441974397262,10,"Ligase4_KO_Vale",817,"RHOB"
"chr12",25776728,25785362,37.7497776957536,9,"Ligase4_KO_Vale",818,"ID2"
"chr12",56583238,56596072,1145.07659010452,273,"Ligase4_KO_Vale",819,"NFKBIA"
"chr12",81121959,81135593,171.971209502877,41,"Ligase4_KO_Vale",820,"NULL"
"chr12",81205088,81218173,1149.2710098485,274,"Ligase4_KO_Vale",821,"ZFP36L1"
"chr12",81228852,81236421,67.1107159035619,16,"Ligase4_KO_Vale",822,"2310015A10RIK"
"chr12",86937853,86943983,234.887505662467,56,"Ligase4_KO_Vale",823,"JDP2"
"chr12",87026855,87031178,92.2772343673976,22,"Ligase4_KO_Vale",824,"BATF"
"chr12",113826252,113833372,67.1107159035619,16,"Ligase4_KO_Vale",825,"INF2"
"chr13",13681643,13691388,67.1107159035619,16,"Ligase4_KO_Vale",826,"LYST"
"chr13",21805897,21816109,113.249333087261,27,"Ligase4_KO_Vale",827,"H2BC13_H2AC13_H3C10_H2BC14"
"chr13",21823466,21827551,50.3330369276714,12,"Ligase4_KO_Vale",828,"H4C11"
"chr13",21839769,21850732,75.4995553915071,18,"Ligase4_KO_Vale",829,"H4C12_H2AC15_H2BC15"
"chr13",21870993,21872989,75.4995553915071,18,"Ligase4_KO_Vale",830,"H1F5"
"chr13",22126773,22136601,104.860493599315,25,"Ligase4_KO_Vale",831,"H2AC12_H2BC12_H4C9_H2AC11_H2BC11"
"chr13",23620086,23628764,67.1107159035619,16,"Ligase4_KO_Vale",832,"H4C8_H2AC10_H3C8"
"chr13",23633652,23650380,306.192641310001,73,"Ligase4_KO_Vale",833,"H2BC9_H3C7_H4C6_H1F3"
"chr13",23662105,23678965,260.054024126302,62,"Ligase4_KO_Vale",835,"H2AC8_H2BC8_H2BC7_H2AC7_H3C4_H4C4_H2BC6"
"chr13",23710322,23717271,360.720097981645,86,"Ligase4_KO_Vale",836,"H2BC6_H1F4"
"chr13",23820396,23856953,486.552690300824,116,"Ligase4_KO_Vale",837,"H1F2_H3C3_H2BC3_H2AC4_H3C2_H4C2_H4C1_H3C1_H1F1"
"chr13",30839884,30847056,205.526567454658,49,"Ligase4_KO_Vale",838,"IRF4"
"chr13",42143054,42150441,188.748888478768,45,"Ligase4_KO_Vale",840,"HIVEP1"
"chr13",43879516,43900637,415.247554653289,99,"Ligase4_KO_Vale",841,"CD83"
"chr13",53070791,53079848,79.6939751354797,19,"Ligase4_KO_Vale",842,"NFIL3"
"chr13",63892558,63901251,37.7497776957536,9,"Ligase4_KO_Vale",843,"NULL"
"chr13",103480741,103488351,41.9441974397262,10,"Ligase4_KO_Vale",844,"CD180"
"chr14",32246075,32248978,192.94330822274,46,"Ligase4_KO_Vale",845,"SH3BP5"
"chr14",33995184,34001718,50.3330369276714,12,"Ligase4_KO_Vale",846,"WDFY4"
"chr14",101858598,101864511,41.9441974397262,10,"Ligase4_KO_Vale",847,"TBC1D4"
"chr14",115422385,115452187,574.635504924249,137,"Ligase4_KO_Vale",848,"MIR17_MIR18_MIR19A_MIR20A_MIR19B-1_MIR17HG_MIR92-1"
"chr15",4327620,4334873,37.7497776957536,9,"Ligase4_KO_Vale",849,"PLCXD3"
"chr15",5064215,5070533,33.5553579517809,8,"Ligase4_KO_Vale",850,"RPL37_SNORD72"
"chr15",27554192,27563004,71.3051356475345,17,"Ligase4_KO_Vale",851,"OTULIN"
"chr15",31295180,31297270,167.776789758905,40,"Ligase4_KO_Vale",852,"ANKRD33B"
"chr15",34371982,34372966,29.3609382078083,7,"Ligase4_KO_Vale",853,"GM12191_RPL30"
"chr15",51821017,51826604,33.5553579517809,8,"Ligase4_KO_Vale",854,"RAD21"
"chr15",55386561,55390493,33.5553579517809,8,"Ligase4_KO_Vale",855,"MRPL13_MTBP"
"chr15",59145598,59148926,33.5553579517809,8,"Ligase4_KO_Vale",856,"SQLE"
"chr15",63882882,63884567,29.3609382078083,7,"Ligase4_KO_Vale",857,"FAM49B"
"chr15",64142084,64148205,58.7218764156167,14,"Ligase4_KO_Vale",858,"ASAP1"
"chr15",73010447,73016703,37.7497776957536,9,"Ligase4_KO_Vale",859,"AGO2"
"chr15",74591718,74594021,83.8883948794524,20,"Ligase4_KO_Vale",860,"LY6D"
"chr15",74744641,74769747,2130.76522993809,508,"Ligase4_KO_Vale",861,"NULL"
"chr15",74778727,74791694,1459.65807090247,348,"Ligase4_KO_Vale",862,"LY6E"
"chr15",77668590,77673867,83.8883948794524,20,"Ligase4_KO_Vale",863,"MYH9"
"chr15",78075172,78078031,83.8883948794524,20,"Ligase4_KO_Vale",864,"NCF4"
"chr15",79178250,79179172,29.3609382078083,7,"Ligase4_KO_Vale",865,"MAFF"
"chr15",79514748,79526067,96.4716541113702,23,"Ligase4_KO_Vale",866,"JOSD1_GTPBP1"
"chr15",79903608,79914301,180.360048990823,43,"Ligase4_KO_Vale",867,"RPL3_SNORD83B_SNORD43"
"chr15",80084951,80091435,62.9162961595893,15,"Ligase4_KO_Vale",868,"ATF4_RPS19BP1"
"chr15",81687487,81689134,33.5553579517809,8,"Ligase4_KO_Vale",869,"TOB2"
"chr15",81976450,81979225,33.5553579517809,8,"Ligase4_KO_Vale",870,"SREBF2"
"chr15",82036873,82057957,977.29980034562,233,"Ligase4_KO_Vale",871,"SHISA8_TNFRSF13C"
"chr15",88691323,88695087,71.3051356475345,17,"Ligase4_KO_Vale",872,"PIM3"
"chr15",96112684,96118802,33.5553579517809,8,"Ligase4_KO_Vale",873,"ARID2"
"chr15",96510730,96529934,264.248443870275,63,"Ligase4_KO_Vale",874,"SLC38A2"
"chr15",96585997,96588968,46.1386171836988,11,"Ligase4_KO_Vale",875,"NULL"
"chr15",97071476,97083570,222.304246430549,53,"Ligase4_KO_Vale",876,"AMIGO2_PCED1B"
"chr15",97203393,97207276,79.6939751354797,19,"Ligase4_KO_Vale",877,"PCED1B"
"chr15",97650153,97667209,71.3051356475345,17,"Ligase4_KO_Vale",878,"HDAC7"
"chr15",98604861,98608673,41.9441974397262,10,"Ligase4_KO_Vale",879,"WNT10B"
"chr15",99194505,99204497,130.027012063151,31,"Ligase4_KO_Vale",880,"FMNL3"
"chr15",103069496,103079749,33.5553579517809,8,"Ligase4_KO_Vale",881,"CBX5_HNRNPA1_GM10052_GM5643_NFE2"
"chr16",10481174,10500338,356.525678237673,85,"Ligase4_KO_Vale",882,"CIITA"
"chr16",10508001,10518604,113.249333087261,27,"Ligase4_KO_Vale",883,"CIITA"
"chr16",23107843,23119194,54.527456671644,13,"Ligase4_KO_Vale",884,"EIF4A2_SNORD2_SNORA81_RFC4"
"chr16",27385023,27393314,58.7218764156167,14,"Ligase4_KO_Vale",885,"CCDC50"
"chr16",38451638,38464498,54.527456671644,13,"Ligase4_KO_Vale",886,"ADPRH_CD80"
"chr16",84701459,84708654,285.220542590138,68,"Ligase4_KO_Vale",888,"NULL"
"chr16",91546815,91551467,100.666073855343,24,"Ligase4_KO_Vale",889,"IFNGR2"
"chr17",8117726,8122852,230.693085918494,55,"Ligase4_KO_Vale",890,"TAGAP"
"chr17",24664597,24668727,62.9162961595893,15,"Ligase4_KO_Vale",891,"TRAF7_RAB26OS_RAB26"
"chr17",29612501,29635002,1304.46454037548,311,"Ligase4_KO_Vale",892,"PIM1"
"chr17",31990030,31993437,130.027012063151,31,"Ligase4_KO_Vale",893,"SIK1"
"chr17",32007272,32014708,109.054913343288,26,"Ligase4_KO_Vale",894,"NULL"
"chr17",34243195,34259495,88.082814623425,21,"Ligase4_KO_Vale",895,"BRD2"
"chr17",34400302,34403744,33.5553579517809,8,"Ligase4_KO_Vale",896,"H2-AB1"
"chr17",34479538,34484598,29.3609382078083,7,"Ligase4_KO_Vale",897,"H2-EA"
"chr17",35136314,35140519,67.1107159035619,16,"Ligase4_KO_Vale",898,"D17H6S56E-5_VARS"
"chr17",35331020,35333801,33.5553579517809,8,"Ligase4_KO_Vale",899,"LTB_MIR6973A"
"chr17",45691883,45709346,222.304246430549,53,"Ligase4_KO_Vale",901,"NFKBIE_SLC35B2_HSP90AB1"
"chr17",57244440,57247807,96.4716541113702,23,"Ligase4_KO_Vale",902,"GM11110_TNFSF9"
"chr17",88461739,88466406,50.3330369276714,12,"Ligase4_KO_Vale",903,"FBXO11"
"chr18",60963030,60978152,96.4716541113702,23,"Ligase4_KO_Vale",904,"CD74_MIR5107_TCOF1"
"chr18",65589947,65597348,100.666073855343,24,"Ligase4_KO_Vale",905,"MALT1"
"chr18",75527119,75533860,130.027012063151,31,"Ligase4_KO_Vale",906,"SMAD7"
"chr18",80804373,80819380,100.666073855343,24,"Ligase4_KO_Vale",907,"NFATC1"
"chr18",80906260,80913418,29.3609382078083,7,"Ligase4_KO_Vale",908,"NFATC1"
"chr18",82704461,82706088,29.3609382078083,7,"Ligase4_KO_Vale",909,"MBP"
"chr19",4294818,4305929,96.4716541113702,23,"Ligase4_KO_Vale",910,"GRK2"
"chr19",6271533,6278612,37.7497776957536,9,"Ligase4_KO_Vale",911,"EHD1"
"chr19",8166173,8166419,67.1107159035619,16,"Ligase4_KO_Vale",912,"SLC22A28"
"chr19",10652655,10657563,37.7497776957536,9,"Ligase4_KO_Vale",913,"CYB561A3"
"chr19",12534693,12540376,41.9441974397262,10,"Ligase4_KO_Vale",914,"MPEG1"
"chr19",34364467,34371712,54.527456671644,13,"Ligase4_KO_Vale",915,"FAS"
"chr19",41056026,41069980,109.054913343288,26,"Ligase4_KO_Vale",916,"BLNK"
"chrX",7455203,7459288,62.9162961595893,15,"Ligase4_KO_Vale",917,"PIM2"
"chrX",11653638,11661198,46.1386171836988,11,"Ligase4_KO_Vale",918,"BCOR"
"chrX",163644648,163648226,100.666073855343,24,"Ligase4_KO_Vale",919,"TMSB4X"
